feature,mean,std
mean,3.28965545,0.00000863
min,4.44784117,1.61265993
max,5.55221033,2.59847617
skew,4.38438749,1.46634221
kurt,4.80233765,1.49570382
var,4.77083540,1.96926332
