feature,mean,std
mean,3.28965688,0.00000138
min,4.36844778,1.11930418
max,5.08590412,2.03189564
skew,4.23028612,1.80205977
kurt,5.43850231,1.51145911
var,6.43442678,3.72882915
