feature,mean,std
mean,0.00000000,0.00000000
min,0.15853737,0.20908575
max,0.12469414,0.15351880
skew,0.10780331,0.15809634
kurt,0.12520809,0.14464442
var,0.10979711,0.13817744
