{
  "headline_all_62": {
    "n": 124,
    "TN": 44,
    "FP": 22,
    "FN": 0,
    "TP": 58,
    "acc": 0.8225806451612904,
    "sens": 1.0,
    "spec": 0.6666666666666666,
    "prec": 0.725,
    "f1": 0.8405797101449275
  },
  "demographics_eligible_n51": {
    "n": 102,
    "TN": 44,
    "FP": 22,
    "FN": 0,
    "TP": 36,
    "acc": 0.7843137254901961,
    "sens": 1.0,
    "spec": 0.6666666666666666,
    "prec": 0.6206896551724138,
    "f1": 0.7659574468085106
  },
  "demographics_missing_n11_fnirs_only": {
    "n": 22,
    "TN": 0,
    "FP": 0,
    "FN": 0,
    "TP": 22,
    "acc": 1.0,
    "sens": 1.0,
    "spec": 0,
    "prec": 1.0,
    "f1": 1.0
  },
  "logreg_age_sex_baseline_n51": {
    "acc": 0.9216,
    "sens": 0.7778,
    "spec": 1.0,
    "prec": 1.0,
    "f1": 0.875,
    "auc_LOSO": 0.9158,
    "TN": 33,
    "FP": 0,
    "FN": 4,
    "TP": 14
  }
}