{
  "logreg_age_sex_loso_n51": {
    "n": 51,
    "acc": 0.9215686274509803,
    "f1": 0.875,
    "auc": 0.9158249158249159,
    "sens": 0.7777777777777778,
    "spec": 1.0,
    "TN": 33,
    "FP": 0,
    "FN": 4,
    "TP": 14
  }
}