feature,mean,std
mean,3.28965664,0.00000358
min,4.56351948,1.49222147
max,4.65518522,1.83811629
skew,4.36525297,1.50739920
kurt,4.46138811,1.19352984
var,4.70006466,1.41875136
