feature,mean,std
mean,0.00000000,0.00000000
min,0.16493608,0.17053336
max,0.31375819,0.32727560
skew,0.18911459,0.29989451
kurt,0.22088219,0.24732016
var,0.26409352,0.35678536
