feature,mean,std
mean,0.00000000,0.00000000
min,0.04828927,0.06463692
max,0.05530261,0.09245153
skew,0.03965518,0.05087678
kurt,0.04564033,0.05975736
var,0.06082661,0.09381667
