feature,mean,std
mean,3.28965688,0.00000134
min,3.72869468,0.88588721
max,3.82010007,1.07845449
skew,3.71600437,0.78216785
kurt,3.88985515,1.23368347
var,4.00421095,1.38445556
