feature,mean,std
mean,0.00000000,0.00000000
min,0.06004415,0.08609650
max,0.05907531,0.13632946
skew,0.03595418,0.05128229
kurt,0.10051128,0.19056346
var,0.10074200,0.13785751
