feature,mean,std
mean,0.00000000,0.00000000
min,0.16439115,0.17996918
max,0.16649768,0.16991229
skew,0.09046889,0.07280845
kurt,0.16435494,0.13083291
var,0.21413659,0.20221528
