feature,mean,std
mean,3.28965688,0.00000089
min,3.95232892,1.31849205
max,3.84899998,0.91334838
skew,3.56650209,0.40163568
kurt,4.70184660,2.18704367
var,4.29803801,1.63924181
