feature,mean,std
mean,3.28965712,0.00000171
min,5.13141060,2.12185836
max,5.76224995,2.75646949
skew,4.83360052,2.46691537
kurt,5.35071135,1.74849427
var,7.09043074,3.71612167
