feature,mean,std
mean,0.00000000,0.00000000
min,0.11063648,0.11429936
max,0.15076001,0.18374464
skew,0.08090443,0.08855584
kurt,0.15200309,0.12389025
var,0.27700227,0.21344726
